{"flutter":{"platforms":{"dart":{"lib/firebase_options.dart":{"projectId":"todo-c79f1","configurations":{"android":"1:220621185771:android:ee92530ead39c1f92654ae","ios":"1:220621185771:ios:1c71d42a5dc9d3452654ae","macos":"1:220621185771:ios:1c71d42a5dc9d3452654ae","web":"1:220621185771:web:909e24c33c2ea0412654ae","windows":"1:220621185771:web:24aaee77b50ac2292654ae"}}},"android":{"default":{"projectId":"todo-c79f1","appId":"1:220621185771:android:ee92530ead39c1f92654ae","fileOutput":"android/app/google-services.json"}}}}}